metric,train,test
accuracy,0.9979513888888889,0.9726388888888889
f1,0.9979501789250599,0.9726046446947574
roc_auc,0.9999814525459385,0.9720000750000057
log_loss,0.023972115577016926,0.1653402736267233
brier,0.003500714963029831,0.03077256082063125
disagreement,0.035520833333333335,0.11291666666666667
prob_variance,0.00506276195301166,0.013096312785294138
