n,val_acc_final,val_acc_best
10,0.9620625,0.9625
12,0.9593229166666667,0.9601041666666668
14,0.9649999999999999,0.9662946428571427
16,0.9591015625000001,0.9601953125
18,0.9604861111111112,0.9604861111111112
20,0.9665625,0.9672499999999999
