n,val_acc_final,val_acc_best
10,0.9616875,0.9625625
12,0.9576041666666667,0.9597916666666666
14,0.9621875,0.9650000000000001
16,0.9436328125,0.9458984375
18,0.951388888888889,0.951388888888889
20,0.96665625,0.96740625
