n,val_acc_final,val_acc_best
10,0.962,0.9625
12,0.9592708333333334,0.9605208333333334
14,0.9646875000000001,0.9660714285714287
16,0.9330468749999999,0.9362109375000001
18,0.9605208333333334,0.9613194444444444
20,0.9678125,0.9679062500000001
