n,val_acc_final,val_acc_best
10,0.9615625,0.9623750000000001
12,0.9589062500000001,0.9603645833333333
14,0.963705357142857,0.965625
16,0.95921875,0.95921875
18,0.9619444444444445,0.9619444444444445
20,0.9676874999999999,0.96815625
