metric,train,test
accuracy,0.9625,0.95725
f1,0.9624013034214813,0.957345971563981
roc_auc,0.9671347257151353,0.9539188963175168
log_loss,0.22026430792955745,0.23624907838055645
brier,0.04834759858707176,0.05373466041310452
disagreement,0.004375,0.00625
prob_variance,0.007783953881500883,0.007809602437961582
