n,method,accuracy,precision,recall,f1,auc,train_time_sec,ece_uniform,mce_uniform,ece_adaptive,mce_adaptive
10,random,0.95675,0.9532803180914513,0.9604406609914873,0.9568470940384136,0.9569271530860946,2.3411052227020264,0.030325155301282027,0.6138840078935651,0.030775673450062917,0.08561028576443974
12,random,0.9660416666666667,0.9657166460140438,0.9669148056244831,0.9663153544120686,0.9687584857203775,3.4815189838409424,0.031438769311737814,0.297091460022864,0.02752290239702474,0.09136329192419979
14,random,0.9626785714285714,0.9599427753934192,0.9651204602660913,0.9625246548323472,0.9675561591547777,5.637281179428101,0.02871355364896581,0.2556637436188268,0.02370162887605613,0.07566238675541744
16,random,0.94515625,0.9470404984423676,0.9438062713443031,0.945420618877313,0.9674298473205731,34.769715785980225,0.0372115196119899,0.25778578986107037,0.030931184124198773,0.054634854165712864
18,random,0.9354166666666667,0.9364902506963788,0.9341483745484856,0.9353178467102518,0.9661177442992085,48.91986894607544,0.04622044710068966,0.26122477300722285,0.03941547588080093,0.10685866346357693
20,random,0.938625,0.9374369323915237,0.9386208638545087,0.938028524548782,0.9686918356859866,45.619240045547485,0.03459102362238109,0.13377338159629162,0.032500970073086756,0.06834477322917126
