metric,train,test
accuracy,0.9678125,0.9666071428571429
f1,0.9676376857130032,0.9664333153832346
roc_auc,0.9778802235026384,0.9665164429127413
log_loss,0.15649857232141678,0.17469819894313807
brier,0.03398078999028464,0.037407710567903485
disagreement,0.005,0.010357142857142856
prob_variance,0.0023602202014129103,0.0028517718529952577
