metric,train,test
accuracy,0.9619270833333333,0.9679166666666666
f1,0.9621537665027181,0.9681686647374949
roc_auc,0.9721782842186706,0.9684143691415976
log_loss,0.17317186588089478,0.17140064447152648
brier,0.039166162043324515,0.03650577054714405
disagreement,0.005416666666666667,0.00625
prob_variance,0.002379184668216986,0.002577311414414808
