{
  "n": 16,
  "ensemble_size": 5,
  "member_paths": [
    "trained_mlp_ensembles/n16/mlp_member_0.joblib",
    "trained_mlp_ensembles/n16/mlp_member_1.joblib",
    "trained_mlp_ensembles/n16/mlp_member_2.joblib",
    "trained_mlp_ensembles/n16/mlp_member_3.joblib",
    "trained_mlp_ensembles/n16/mlp_member_4.joblib"
  ],
  "best_params": {
    "clf__activation": "tanh",
    "clf__alpha": 2.0797422068521745e-05,
    "clf__hidden_layer_sizes": [
      256,
      128
    ],
    "clf__learning_rate": "constant",
    "clf__learning_rate_init": 0.0039330874246197986
  },
  "seed_base": 42,
  "timing": {
    "wall_sec": 26.41767479199916,
    "member_times_sec": [
      26.302277666982263,
      23.673959209001623,
      21.55194937507622,
      23.86509745894,
      22.217728957999498
    ],
    "sum_member_sec": 117.6110126679996,
    "mean_member_sec": 23.52220253359992,
    "std_member_sec": 1.6403032392649952,
    "effective_speedup": 4.45198200046051,
    "jobs": 14
  }
}