metric,train,test
accuracy,0.9702734375,0.96953125
f1,0.9704958709727446,0.9697251979506288
roc_auc,0.998318314772635,0.971747611396155
log_loss,0.07685393012732324,0.15416045795309943
brier,0.018400991949507967,0.03269515154311669
disagreement,0.0423828125,0.06859375
prob_variance,0.005547002007288932,0.008354265816655848
