metric,train,test
accuracy,0.9735625,0.962
f1,0.973317353182363,0.9616452182689882
roc_auc,0.9939736872407622,0.9716995266815218
log_loss,0.13845063070762453,0.22234149898291145
brier,0.0295869812490426,0.05265618819298196
disagreement,0.1701875,0.323875
prob_variance,0.017206403612282293,0.03203898173862709
