n,method,accuracy,precision,recall,f1,auc,train_time_sec
10,random,0.95675,0.9532803180914513,0.9604406609914873,0.9568470940384136,0.9569271530860946,1.8455066680908203
12,random,0.9660416666666667,0.9657166460140438,0.9669148056244831,0.9663153544120686,0.9687584857203775,2.7835261821746826
14,random,0.9626785714285714,0.9599427753934192,0.9651204602660913,0.9625246548323472,0.9675561591547777,4.225811958312988
16,random,0.94578125,0.9435185185185185,0.9490841353616889,0.946293143476242,0.9682649418788446,15.119038105010986
18,random,0.9147222222222222,0.9158539983282251,0.9133092525701584,0.9145798553144129,0.9577919720518498,19.152467012405396
20,random,0.91825,0.9132283070767692,0.9224551654458196,0.9178185473737119,0.9599942969008182,21.300989866256714
