n,val_acc_best,val_acc_final,test_acc
10,0.9625625,0.9616875,0.95725
12,0.9597916666666666,0.9576041666666668,0.9647916666666667
14,0.965,0.9621875,0.9657142857142857
16,0.9458984375,0.9436328125,0.9553125
18,0.951388888888889,0.951388888888889,0.9704166666666667
20,0.96740625,0.96665625,0.969375
