n,val_acc_best,val_acc_final,test_acc
10,0.9625,0.962,0.957
12,0.9605208333333334,0.9592708333333334,0.966875
14,0.9660714285714288,0.9646875,0.9651785714285714
16,0.9362109375,0.933046875,0.94234375
18,0.9613194444444444,0.9605208333333334,0.9673611111111111
20,0.96790625,0.9678125,0.968625
