n,val_acc_best,val_acc_final,test_acc,ece_uniform,ece_adaptive
10,0.962375,0.9615625,0.957,0.025681446175323787,0.023006850344361743
12,0.9603645833333332,0.95890625,0.966875,0.0316769136001191,0.0267444649888057
14,0.965625,0.963705357142857,0.9642857142857143,0.028951652908960675,0.030343009645382273
16,0.95921875,0.95921875,0.96125,0.04788256002400884,0.044767173126601834
18,0.9619444444444444,0.9619444444444444,0.9586111111111111,0.022880487481860536,0.01811520153087864
20,0.96815625,0.9676875,0.97,0.024358931711077232,0.01887405457081603
