n,val_acc_best,val_acc_final,test_acc,ece_uniform,ece_adaptive
10,0.9625,0.9620625,0.95725,0.028422950672684258,0.025403630899963912
12,0.9601041666666668,0.9593229166666668,0.9666666666666667,0.03657883344783233,0.03402080387209329
14,0.9662946428571428,0.965,0.9642857142857143,0.031078009360358694,0.0294722112071083
16,0.9601953125,0.9591015625,0.96359375,0.048960122589310234,0.04351986380741892
18,0.9604861111111112,0.9604861111111112,0.9606944444444444,0.013019558965590651,0.015145680185976548
20,0.96725,0.9665625,0.9735,0.018671456132813565,0.01942724931499287
